<?xml version="1.0" encoding="UTF-8"?>
<project-private xmlns="http://www.netbeans.org/ns/project-private/1">
    <editor-bookmarks xmlns="http://www.netbeans.org/ns/editor-bookmarks/2" lastBookmarkId="0"/>
    <open-files xmlns="http://www.netbeans.org/ns/projectui-open-files/2">
        <group>
            <file>file:/F:/Study/FPTU/SP24/PRJ301_SE17D10_lanhnv4/Projects/FPTUClubs/src/java/controller/CreateArticleServlet.java</file>
            <file>file:/F:/Study/FPTU/SP24/PRJ301_SE17D10_lanhnv4/Projects/FPTUClubs/web/userInfo.jsp</file>
            <file>file:/F:/Study/FPTU/SP24/PRJ301_SE17D10_lanhnv4/Projects/FPTUClubs/src/java/filter/LoginFilter.java</file>
            <file>file:/F:/Study/FPTU/SP24/PRJ301_SE17D10_lanhnv4/Projects/FPTUClubs/src/java/dao/ClubDAO.java</file>
            <file>file:/F:/Study/FPTU/SP24/PRJ301_SE17D10_lanhnv4/Projects/FPTUClubs/web/includes/header.jsp</file>
            <file>file:/F:/Study/FPTU/SP24/PRJ301_SE17D10_lanhnv4/Projects/FPTUClubs/web/create_post.jsp</file>
            <file>file:/F:/Study/FPTU/SP24/PRJ301_SE17D10_lanhnv4/Projects/FPTUClubs/src/java/filter/ClubFilter.java</file>
            <file>file:/F:/Study/FPTU/SP24/PRJ301_SE17D10_lanhnv4/Projects/FPTUClubs/src/java/controller/CreateClubServlet.java</file>
            <file>file:/F:/Study/FPTU/SP24/PRJ301_SE17D10_lanhnv4/Projects/FPTUClubs/src/java/controller/LoginServlet.java</file>
            <file>file:/F:/Study/FPTU/SP24/PRJ301_SE17D10_lanhnv4/Projects/FPTUClubs/web/create_club.jsp</file>
            <file>file:/F:/Study/FPTU/SP24/PRJ301_SE17D10_lanhnv4/Projects/FPTUClubs/web/Profileclub.jsp</file>
            <file>file:/F:/Study/FPTU/SP24/PRJ301_SE17D10_lanhnv4/Projects/FPTUClubs/src/java/controller/AddMemberServlet.java</file>
        </group>
    </open-files>
</project-private>
